DATE,DSF,OPEN SD,COMMENTS
10-Feb-15,0,35.25,
11-Feb-15,1,37,
12-Feb-15,0,35,
13-Feb-15,1.5,36.5,
14-Feb-15,0.2,34.5,
15-Feb-15,0.1,35,
16-Feb-15,0,34.5,
17-Feb-15,0,34,
18-Feb-15,0,33.75,
19-Feb-15,1,34.25,
20-Feb-15,0.1,35.5,
21-Feb-15,0,34.5,
22-Feb-15,0,33.5,
23-Feb-15,0,33,
24-Feb-15,0,31,
25-Feb-15,0,32.67,
26-Feb-15,0.1,33.33,
27-Feb-15,0,32.27,
28-Feb-15,0,NA,
01-Mar-15,0,NA,
02-Mar-15,0,32,
03-Mar-15,0,31.33,
04-Mar-15,0,31.33,
05-Mar-15,0.5,32.5,
06-Mar-15,2,33.5,
07-Mar-15,0,32.83,
08-Mar-15,0,33.17,
09-Mar-15,0.7,34.5,
10-Mar-15,0.5,34.5,
11-Mar-15,0,35.17,
12-Mar-15,3,38.67,
13-Mar-15,7,41.83,
14-Mar-15,0,41.5,
15-Mar-15,0,42.17,
16-Mar-15,0,41.33,
17-Mar-15,0,NA,
18-Mar-15,0.5,37.5,
19-Mar-15,0,38.67,
20-Mar-15,0,37.33,
21-Mar-15,0.2,36.67,
22-Mar-15,0,37.33,
23-Mar-15,2.5,38.67,
24-Mar-15,0,36.67,
25-Mar-15,0,37.67,
26-Mar-15,0,36.33,
27-Mar-15,0,NA,
28-Mar-15,0,36.33,
29-Mar-15,0.1,37.17,
30-Mar-15,0,35.67,
31-Mar-15,0,35.17,
01-Apr-15,0,35.83,
02-Apr-15,0,32.67,
03-Apr-15,0,35.67,
04-Apr-15,0,33.67,
05-Apr-15,0,33.67,
06-Apr-15,0,30.33,
07-Apr-15,0,NA,
08-Apr-15,0,28,
09-Apr-15,0.1,27.67,
10-Apr-15,0,25.83,
11-Apr-15,0,25.83,
12-Apr-15,0,25.33,
13-Apr-15,0,NA,
14-Apr-15,0.4,23.33,
15-Apr-15,1.3,NA,
16-Apr-15,0,15.67,
17-Apr-15,0,NA,
18-Apr-15,0,15,
19-Apr-15,0,14.5,
20-Apr-15,0,NA,
21-Apr-15,0,9,
22-Apr-15,0,NA,
23-Apr-15,0,NA,
24-Apr-15,0,NA,
25-Apr-15,0,NA,
26-Apr-15,0,NA,
27-Apr-15,0,0,estimated from cameras
28-Apr-15,0,0,
29-Apr-15,0,0,
30-Apr-15,0,0,
01-May-15,0,0,
02-May-15,0,0,
03-May-15,0,0,
04-May-15,0,0,
05-May-15,0,0,
06-May-15,0,0,
07-May-15,0,0,
08-May-15,0,0,
09-May-15,0,0,
10-May-15,0,0,
11-May-15,0,0,
12-May-15,0,0,
13-May-15,0,0,
14-May-15,0,0,
15-May-15,0,0,
16-May-15,0,0,
17-May-15,0,0,
18-May-15,0,0,
19-May-15,0,0,
20-May-15,0,0,
21-May-15,0,0,
22-May-15,0,0,
23-May-15,0,0,
24-May-15,0,0,
25-May-15,0,0,
26-May-15,0,0,
27-May-15,0,0,
28-May-15,0,0,
29-May-15,0,0,
30-May-15,0,0,
31-May-15,0,0,
01-Jun-15,0,0,
02-Jun-15,0,0,
03-Jun-15,0,0,
04-Jun-15,0,0,
05-Jun-15,0,0,
06-Jun-15,0,0,
07-Jun-15,0,0,
08-Jun-15,0,0,
09-Jun-15,0,0,
10-Jun-15,0,0,
11-Jun-15,0,0,
12-Jun-15,0,0,
13-Jun-15,0,0,
14-Jun-15,0,0,
15-Jun-15,0,0,
16-Jun-15,0,0,
17-Jun-15,0,0,
18-Jun-15,0,0,
19-Jun-15,0,0,
20-Jun-15,0,0,
21-Jun-15,0,0,
22-Jun-15,0,0,
23-Jun-15,0,0,
24-Jun-15,0,0,
25-Jun-15,0,0,
26-Jun-15,0,0,
27-Jun-15,0,0,
28-Jun-15,0,0,
29-Jun-15,0,0,
30-Jun-15,0,0,
01-Jul-15,0,0,
02-Jul-15,0,0,
03-Jul-15,0,0,
04-Jul-15,0,0,
05-Jul-15,0,0,
06-Jul-15,0,0,
07-Jul-15,0,0,
08-Jul-15,0,0,
09-Jul-15,0,0,
10-Jul-15,0,0,
11-Jul-15,0,0,
12-Jul-15,0,0,
13-Jul-15,0,0,
14-Jul-15,0,0,
15-Jul-15,0,0,
16-Jul-15,0,0,
17-Jul-15,0,0,
18-Jul-15,0,0,
19-Jul-15,0,0,
20-Jul-15,0,0,
21-Jul-15,0,0,
22-Jul-15,0,0,
23-Jul-15,0,0,
24-Jul-15,0,0,
25-Jul-15,0,0,
26-Jul-15,0,0,
27-Jul-15,0,0,
28-Jul-15,0,0,
29-Jul-15,0,0,
30-Jul-15,0,0,
31-Jul-15,0,0,
01-Aug-15,0,0,
02-Aug-15,0,0,
03-Aug-15,0,0,
04-Aug-15,0,0,
05-Aug-15,0,0,
06-Aug-15,0,0,
07-Aug-15,0,0,
08-Aug-15,0,0,
09-Aug-15,0,0,
10-Aug-15,0,0,
11-Aug-15,0,0,
12-Aug-15,0,0,
13-Aug-15,0,0,
14-Aug-15,0,0,
15-Aug-15,0,0,
16-Aug-15,0,0,
17-Aug-15,0,0,
18-Aug-15,0,0,
19-Aug-15,0,0,
20-Aug-15,0,0,
21-Aug-15,0,0,
22-Aug-15,0,0,
23-Aug-15,0,0,
24-Aug-15,0,0,
25-Aug-15,0,0,
26-Aug-15,0,0,
27-Aug-15,0,0,
28-Aug-15,0,0,
29-Aug-15,0,0,
30-Aug-15,0,0,
31-Aug-15,0,0,
01-Sep-15,0,0,
02-Sep-15,0.5,0.5,* from Mel
03-Sep-15,0,0,
04-Sep-15,0,0,
05-Sep-15,0,0,
06-Sep-15,0,0,
07-Sep-15,0,0,
08-Sep-15,0,0,
09-Sep-15,0,0,
10-Sep-15,0,0,
11-Sep-15,0,0,
12-Sep-15,0,0,
13-Sep-15,0,0,
14-Sep-15,0,0,
15-Sep-15,0,0,
16-Sep-15,0,0,
17-Sep-15,0,0,
18-Sep-15,0,0,
19-Sep-15,0.1,0,
20-Sep-15,0.8,0,
21-Sep-15,0,0,
22-Sep-15,0,0,
23-Sep-15,3.7,4,
24-Sep-15,0.1,4,
25-Sep-15,0,0,
26-Sep-15,0,0,
27-Sep-15,0,0,
28-Sep-15,0,0,
29-Sep-15,0,0,
30-Sep-15,0,0,
01-Oct-15,1,0.5,
02-Oct-15,0,0,
03-Oct-15,0,0,
04-Oct-15,0,0,
05-Oct-15,0,0,
06-Oct-15,0,0,
07-Oct-15,0,0,
08-Oct-15,0,0,
09-Oct-15,0,0,
10-Oct-15,3.6,2,
11-Oct-15,0,0,
12-Oct-15,0,0,
13-Oct-15,0,0,
14-Oct-15,0,0,
15-Oct-15,0,0,
16-Oct-15,0.3,0,
17-Oct-15,0,0,
18-Oct-15,0,0,
19-Oct-15,0,0,
20-Oct-15,0,0,
21-Oct-15,1,0.5,
22-Oct-15,0,0,* Some of these Snow hardness values are estimates as they were not always done when snow was so low here
23-Oct-15,0,0,
24-Oct-15,0,0,
25-Oct-15,0,0,
26-Oct-15,0,0,
27-Oct-15,0,0,
28-Oct-15,0,0,
29-Oct-15,0,0,
30-Oct-15,0,0,
31-Oct-15,1.6,1.5,
01-Nov-15,0.5,2.5,
02-Nov-15,0,2.33,
03-Nov-15,0,2,
04-Nov-15,3.5,5.67,
05-Nov-15,0,5,
06-Nov-15,2,6,
07-Nov-15,0,5.5,
08-Nov-15,6.5,10,"* The last days we missed due to Haines and Yukon Forum, used trail cameras to determine when snow actually fell"
09-Nov-15,0,9.17,
10-Nov-15,1.4,9,
11-Nov-15,0.1,9.67,
12-Nov-15,3.5,13.17,
13-Nov-15,7.5,19.67,* started taking continuous snow hardness data from here on
14-Nov-15,0.6,18.67,
15-Nov-15,1.6,19,
16-Nov-15,0.2,19,
17-Nov-15,0.1,18,
18-Nov-15,0.1,17.33,
19-Nov-15,0,NA,
20-Nov-15,0.4,17.33,
21-Nov-15,0.1,16.33,
22-Nov-15,0.7,16.33,
23-Nov-15,0.1,15.33,
24-Nov-15,0.1,16,
25-Nov-15,0,16.67,
26-Nov-15,0,14.33,
27-Nov-15,0,15.67,
28-Nov-15,0.7,15.67,
29-Nov-15,2.5,17.67,
30-Nov-15,3.2,20.33,
01-Dec-15,3.1,19.33,
02-Dec-15,0.1,20.33,
03-Dec-15,0,21,
04-Dec-15,0,NA,
05-Dec-15,0,21,
06-Dec-15,0.8,20.33,
07-Dec-15,1.9,23.67,
08-Dec-15,0.2,23.33,
09-Dec-15,0.4,22.67,
10-Dec-15,0,NA,
11-Dec-15,0.1,22.33,
12-Dec-15,0.2,22.33,
13-Dec-15,0,NA,
14-Dec-15,0.1,21.33,
15-Dec-15,0,NA,
16-Dec-15,0,NA,
17-Dec-15,0.2,NA,
18-Dec-15,0,21,
19-Dec-15,0.2,NA,
20-Dec-15,1.3,NA,
21-Dec-15,1.6,NA,
22-Dec-15,0,NA,
23-Dec-15,0.5,NA,
24-Dec-15,0,27.33,
25-Dec-15,0,NA,
26-Dec-15,0.5,27.33,
27-Dec-15,0,NA,
28-Dec-15,0,NA,
29-Dec-15,0.2,26,
30-Dec-15,0,NA,
31-Dec-15,5.5,NA,
01-Jan-16,0.1,28.83,
02-Jan-16,0,NA,
03-Jan-16,0.1,29.5,
04-Jan-16,0,NA,
05-Jan-16,0,NA,
06-Jan-16,0,NA,
07-Jan-16,0.1,NA,
08-Jan-16,0,NA,
09-Jan-16,0,27.5,
10-Jan-16,0,NA,
11-Jan-16,0.1,28.67,
12-Jan-16,0.4,NA,
13-Jan-16,0.7,27.33,
14-Jan-16,0,NA,
15-Jan-16,1.4,29,
16-Jan-16,0.4,28,
17-Jan-16,0.5,28.83,
18-Jan-16,0.7,29.67,
19-Jan-16,0,NA,
20-Jan-16,0,NA,* used trail cameras to figure out when it snowed
21-Jan-16,1.7,31.5,
22-Jan-16,1.1,29.5,
23-Jan-16,0.4,30.67,
24-Jan-16,0.2,31.67,
25-Jan-16,0.1,30.17,
26-Jan-16,0.6,30.17,
27-Jan-16,0,NA,
28-Jan-16,1.1,32.33,
29-Jan-16,0,31.67,
30-Jan-16,6.7,37,
31-Jan-16,3,41,
01-Feb-16,0.2,39,
02-Feb-16,0.1,38.25,
03-Feb-16,0.5,38.5,
04-Feb-16,1.5,40,
05-Feb-16,0,NA,
06-Feb-16,0.5,38.17,
07-Feb-16,0,38.83,
08-Feb-16,0.4,38.5,
09-Feb-16,0.1,39.5,
10-Feb-16,0.3,39.67,
11-Feb-16,0,NA,
12-Feb-16,0,NA,
13-Feb-16,0.2,38,
14-Feb-16,0,39,
15-Feb-16,0,39,
16-Feb-16,0.3,39.5,
17-Feb-16,0.1,39.67,
18-Feb-16,0,36.67,
19-Feb-16,0,38.5,
20-Feb-16,0,NA,
21-Feb-16,0.1,39.17,
22-Feb-16,0,38.67,
23-Feb-16,0,38.67,
24-Feb-16,0,39.33,
25-Feb-16,0,38.17,
26-Feb-16,4.7,43.83,
27-Feb-16,0,NA,*day off but snow on 28th was most likely left over from day before
28-Feb-16,0.7,40,
29-Feb-16,0,42.67,
01-Mar-16,0,43.67,
02-Mar-16,0,41.83,
03-Mar-16,0,42.67,
04-Mar-16,0,NA,
05-Mar-16,0,NA,*Silver sled dog race
06-Mar-16,0,41.5,
07-Mar-16,1.6,40.67,
08-Mar-16,0,41.375,
09-Mar-16,0,NA,
10-Mar-16,0,NA,
11-Mar-16,0,42.17,
12-Mar-16,0,39.25,
13-Mar-16,0,41.67,
14-Mar-16,0,40.33,
15-Mar-16,0,NA,
16-Mar-16,0,NA,
17-Mar-16,0,,
18-Mar-16,1.5,40.25,
19-Mar-16,0,NA,
20-Mar-16,0,39.5,
21-Mar-16,0,39.17,
22-Mar-16,0,39.17,
23-Mar-16,0,39.875,
24-Mar-16,0,NA,
25-Mar-16,0,38.5,
26-Mar-16,0,40.375,
27-Mar-16,0,38.17,
28-Mar-16,0,37.5,
29-Mar-16,0,32.375,
30-Mar-16,0,18.75,
31-Mar-16,0,22,
01-Apr-16,0,NA,
02-Apr-16,0,10.33,
03-Apr-16,0,7.67,
04-Apr-16,0,8.33,
05-Apr-16,0,6.67,
06-Apr-16,0,8.33,
07-Apr-16,3.5,10.83,
08-Apr-16,0,NA,
09-Apr-16,0,7.17,
10-Apr-16,0,9.67,
11-Apr-16,0,5.67,
12-Apr-16,0,0, * Camille and Adam were classifying different things as 0 over the last 2 weeks… will need to adjust
13-Apr-16,0,11,
14-Apr-16,0,10.33,
15-Apr-16,0,NA,
16-Apr-16,0,7.5,
17-Apr-16,0,7.5,
18-Apr-16,0,NA,
19-Apr-16,0,0,"* Done by Mike, use as reference for where to put previous differences between Camille + Adam"
20-Apr-16,0,0,
21-Apr-16,0,0,
22-Apr-16,0,0,
23-Apr-16,0,0,
24-Apr-16,0,0,
25-Apr-16,0,0,
26-Apr-16,0,0,
27-Apr-16,0,0,
28-Apr-16,0,0,
29-Apr-16,0,0,
30-Apr-16,0,0,
01-May-16,0,0,
02-May-16,3.5,3.5,
03-May-16,0,0,
04-May-16,0,0,* Need to check dylans book plus trail cameras for May and Summer in case it snowed.
05-May-16,0,0,
06-May-16,0,0,
07-May-16,0,0,
08-May-16,0,0,
09-May-16,0,0,
10-May-16,0,0,
11-May-16,0,0,
12-May-16,0,0,
13-May-16,0,0,
14-May-16,0,0,
15-May-16,0,0,
16-May-16,0,0,
17-May-16,0,0,
18-May-16,0,0,
19-May-16,0,0,
20-May-16,0,0,
21-May-16,0,0,
22-May-16,0,0,
23-May-16,0,0,
24-May-16,0,0,
25-May-16,0,0,
26-May-16,0,0,
27-May-16,0,0,
28-May-16,0,0,
29-May-16,0,0,
30-May-16,0,0,
31-May-16,0,0,
01-Jun-16,0,0,
02-Jun-16,0,0,
03-Jun-16,0,0,
04-Jun-16,0,0,
05-Jun-16,0,0,
06-Jun-16,0,0,
07-Jun-16,0,0,
08-Jun-16,0,0,
09-Jun-16,0,0,
10-Jun-16,0,0,
11-Jun-16,0,0,
12-Jun-16,0,0,
13-Jun-16,0,0,
14-Jun-16,0,0,
15-Jun-16,0,0,
16-Jun-16,0,0,
17-Jun-16,0,0,
18-Jun-16,0,0,
19-Jun-16,0,0,
20-Jun-16,0,0,
21-Jun-16,0,0,
22-Jun-16,0,0,
23-Jun-16,0,0,
24-Jun-16,0,0,
25-Jun-16,0,0,
26-Jun-16,0,0,
27-Jun-16,0,0,
28-Jun-16,0,0,
29-Jun-16,0,0,
30-Jun-16,0,0,
01-Jul-16,0,0,
02-Jul-16,0,0,
03-Jul-16,0,0,
04-Jul-16,0,0,
05-Jul-16,0,0,
06-Jul-16,0,0,
07-Jul-16,0,0,
08-Jul-16,0,0,
09-Jul-16,0,0,
10-Jul-16,0,0,
11-Jul-16,0,0,
12-Jul-16,0,0,
13-Jul-16,0,0,
14-Jul-16,0,0,
15-Jul-16,0,0,
16-Jul-16,0,0,
17-Jul-16,0,0,
18-Jul-16,0,0,
19-Jul-16,0,0,
20-Jul-16,0,0,
21-Jul-16,0,0,
22-Jul-16,0,0,
23-Jul-16,0,0,
24-Jul-16,0,0,
25-Jul-16,0,0,
26-Jul-16,0,0,
27-Jul-16,0,0,
28-Jul-16,0,0,
29-Jul-16,0,0,
30-Jul-16,0,0,
31-Jul-16,0,0,
01-Aug-16,0,0,
02-Aug-16,0,0,
03-Aug-16,0,0,
04-Aug-16,0,0,
05-Aug-16,0,0,
06-Aug-16,0,0,
07-Aug-16,0,0,
08-Aug-16,0,0,
09-Aug-16,0,0,
10-Aug-16,0,0,
11-Aug-16,0,0,
12-Aug-16,0,0,
13-Aug-16,0,0,
14-Aug-16,0,0,
15-Aug-16,0,0,
16-Aug-16,0,0,
17-Aug-16,0,0,
18-Aug-16,0,0,
19-Aug-16,0,0,
20-Aug-16,0,0,
21-Aug-16,0,0,
22-Aug-16,0,0,
23-Aug-16,0,0,
24-Aug-16,0,0,
25-Aug-16,0,0,
26-Aug-16,0,0,
27-Aug-16,0,0,
28-Aug-16,0,0,
29-Aug-16,0,0,
30-Aug-16,0,0,
31-Aug-16,0,0,
01-Sep-16,0,0,
02-Sep-16,0,0,
03-Sep-16,0,0,
04-Sep-16,0,0,
05-Sep-16,0,0,
06-Sep-16,0,0,
07-Sep-16,0,0,
08-Sep-16,0,0,
09-Sep-16,0,0,
10-Sep-16,0,0,
11-Sep-16,0,0,
12-Sep-16,0,0,
13-Sep-16,0,0,
14-Sep-16,0,0,
15-Sep-16,0,0,
16-Sep-16,0,0,
17-Sep-16,0,0,
18-Sep-16,0,0,
19-Sep-16,0,0,
20-Sep-16,0,0,
21-Sep-16,0,0,
22-Sep-16,0,0,
23-Sep-16,0,0,
24-Sep-16,0,0,
25-Sep-16,0,0,
26-Sep-16,0.5,0,
27-Sep-16,0,0,
28-Sep-16,0,0,
29-Sep-16,0,0,
30-Sep-16,0,0,
01-Oct-16,0,0,
02-Oct-16,0,0,
03-Oct-16,0.1,0,
04-Oct-16,0,0,
05-Oct-16,0,0,
06-Oct-16,0,0,
07-Oct-16,0,0,
08-Oct-16,0,0,
09-Oct-16,0,0,
10-Oct-16,0,0,
11-Oct-16,0,0,
12-Oct-16,0,0,
13-Oct-16,0,0,
14-Oct-16,0,0,
15-Oct-16,0,0,
16-Oct-16,0,0,
17-Oct-16,3.3,4,
18-Oct-16,4,9,* the depth and hardness measurements were taken on the 19th but put here… we removed snow from a board and all the new snowfall when we got back from haines on the 19th is therefore actually from the 18th  
19-Oct-16,0,9,
20-Oct-16,0.1,6.5,
21-Oct-16,0,8,
22-Oct-16,3.5,11.5,
23-Oct-16,0.8,7.33,
24-Oct-16,0.3,8,
25-Oct-16,0,8.83,
26-Oct-16,0,NA,
27-Oct-16,0,7.33,
28-Oct-16,0,7.67,
29-Oct-16,0,9.17,
30-Oct-16,0,8.17,
31-Oct-16,0,7.67,
01-Nov-16,0,8,
02-Nov-16,0,NA,
03-Nov-16,2.3,10,
04-Nov-16,1.2,12.33,
05-Nov-16,6,NA,
06-Nov-16,0.1,15.5,
07-Nov-16,3.2,18,
08-Nov-16,0.4,16.67,
09-Nov-16,0.2,17.83,
10-Nov-16,0,NA,
11-Nov-16,0,16.33,
12-Nov-16,2,17,
13-Nov-16,0,16.67,
14-Nov-16,1.2,17.83,
15-Nov-16,0,17.17,
16-Nov-16,0.1,18.66666667,
17-Nov-16,1.3,NA,*switched daily snowfall from 18th to 17th based on snow cover cameras.
18-Nov-16,0,17.66666667,
19-Nov-16,0.1,16,
20-Nov-16,0,18.33,
21-Nov-16,0.1,18,
22-Nov-16,0,NA,
23-Nov-16,0.1,16.33,
24-Nov-16,0,14.83,
25-Nov-16,0.2,18.67,
26-Nov-16,0,19.33,
27-Nov-16,0,NA,
28-Nov-16,1.1,20,
29-Nov-16,7.2,NA,* wasn’t checked today but divided the 30th by two
30-Nov-16,7.3,28.67,
01-Dec-16,1.2,24.33,
02-Dec-16,8,NA,* only chitty was done… divided the 3rd DSF similar to chitty
03-Dec-16,3,28.33,
04-Dec-16,0,NA,
05-Dec-16,0.2,25,
06-Dec-16,0,NA,
07-Dec-16,0.1,26.83,
08-Dec-16,0.5,26.83,
09-Dec-16,0.5,30.33,
10-Dec-16,0,29.33,
11-Dec-16,0.1,27,
12-Dec-16,0,24.67,
13-Dec-16,0,NA,
14-Dec-16,0,NA,
15-Dec-16,0,27.83,
16-Dec-16,0,25.33,
17-Dec-16,0,27.33,
18-Dec-16,0.3,NA,
19-Dec-16,2.7,31.33,
20-Dec-16,0,NA,
21-Dec-16,0,NA,
22-Dec-16,0.2,31.33,
23-Dec-16,0,NA,
24-Dec-16,0.1,31,
25-Dec-16,0.1,NA,
26-Dec-16,0,32,
27-Dec-16,0,NA,
28-Dec-16,0,NA,
29-Dec-16,0.1,31.5,
30-Dec-16,0.1,NA,
31-Dec-16,6.5,NA,
01-Jan-17,0,NA,
02-Jan-17,0,31.5,
03-Jan-17,0,NA,
04-Jan-17,0,NA,
05-Jan-17,0.5,NA,
06-Jan-17,1.5,31.17,
07-Jan-17,0,NA,
08-Jan-17,0,NA,
09-Jan-17,0,NA,
10-Jan-17,0,30.67,
11-Jan-17,0,NA,
12-Jan-17,0,NA,
13-Jan-17,1,32.5,
14-Jan-17,0.1,30.67,
15-Jan-17,0,NA,* checked snow camera
16-Jan-17,1.4,NA,
17-Jan-17,0,30.67,
18-Jan-17,0,31.33,
19-Jan-17,2.3,NA,
20-Jan-17,0.1,NA,
21-Jan-17,0,NA,
22-Jan-17,0.1,26.5,
23-Jan-17,0.6,34.83,
24-Jan-17,0,33.33,
25-Jan-17,3,NA,* based on camera
26-Jan-17,0,NA,
27-Jan-17,9,38.5,
28-Jan-17,5.5,40.83,
29-Jan-17,4.5,44.83,
30-Jan-17,1,45.33,
31-Jan-17,0,NA,
01-Feb-17,0,NA,
02-Feb-17,0,41,
03-Feb-17,0,NA,
04-Feb-17,0,NA,
05-Feb-17,0,NA,
06-Feb-17,0.1,39.67,
07-Feb-17,0,39.5,
08-Feb-17,0,NA,
09-Feb-17,0.5,38,
10-Feb-17,1.3,37.33,
11-Feb-17,1.2,41,
12-Feb-17,10,45.17,
13-Feb-17,7,46.5,
14-Feb-17,26,57.5,
15-Feb-17,0,NA,
16-Feb-17,0.2,63.33,
17-Feb-17,0,57.33,
18-Feb-17,0,61.67,
19-Feb-17,0,61.67,
20-Feb-17,0,52.33,
21-Feb-17,0,NA,
22-Feb-17,0.1,60,
23-Feb-17,0,50.17,
24-Feb-17,0,46.33,
25-Feb-17,5,55.83,
26-Feb-17,0.1,53.33,
27-Feb-17,0.5,58,
28-Feb-17,0,NA,
01-Mar-17,2,55.67,
02-Mar-17,1.2,56.5,
03-Mar-17,6,57.66666667,"snowboard windblown, min 2.5 max 6"
04-Mar-17,0,NA,silver sled race
05-Mar-17,0,NA,silver sled race
06-Mar-17,0.3,54.33333333,
07-Mar-17,0,58,
08-Mar-17,0,NA,"missed measurements, hare snares for Darcy"
09-Mar-17,0,NA,dogsledding/day off
10-Mar-17,0,56.33333333,
11-Mar-17,0,56.33333333,
12-Mar-17,0,56.33333333,
13-Mar-17,1,54.33333333,
14-Mar-17,0.2,57,
15-Mar-17,2,58.33333333,
16-Mar-17,4,NA,day off * Mike moved 4cm to today from the 17th based o snow camera
17-Mar-17,0,56,
18-Mar-17,0,NA,hair snares
19-Mar-17,0,54.66666667,
20-Mar-17,0.1,53.66666667,
21-Mar-17,2.5,58.33333333,
22-Mar-17,2.5,58.83333333,
23-Mar-17,1,56.5,
24-Mar-17,0,NA,hair snares
25-Mar-17,1,56.16666667,
26-Mar-17,0,NA,not taken
27-Mar-17,0,NA,not taken…checked cameras to make sure
28-Mar-17,4,61.66666667,
29-Mar-17,0,53,
30-Mar-17,0,NA,
31-Mar-17,0,NA,
01-Apr-17,0,54.83333333,
02-Apr-17,0,NA,
03-Apr-17,0,NA,
04-Apr-17,0,48.66666667,
05-Apr-17,0,NA,no time
06-Apr-17,0,NA,no time
07-Apr-17,0,49,
08-Apr-17,0,NA,
09-Apr-17,0,NA,
10-Apr-17,0,NA,
11-Apr-17,0,46,
12-Apr-17,0,NA,
13-Apr-17,0,NA,
14-Apr-17,0,NA,
15-Apr-17,0,NA,
16-Apr-17,0,44.67,
17-Apr-17,4,NA,
18-Apr-17,0,NA,
19-Apr-17,0,38.83,
20-Apr-17,0,NA,
21-Apr-17,0,NA,
22-Apr-17,0,36.5,
23-Apr-17,0,NA,
24-Apr-17,0,NA,
25-Apr-17,0,26.67,
26-Apr-17,0,NA,
27-Apr-17,0,NA,
28-Apr-17,0,19.83,
29-Apr-17,0,NA,
30-Apr-17,0,NA,
01-May-17,0,NA,
02-May-17,0,9.5,
03-May-17,4,8.33,
04-May-17,0,NA,
05-May-17,0,NA,
06-May-17,0,6.67,
07-May-17,0,NA,
08-May-17,0,2.5,
09-May-17,0,NA,
10-May-17,0,NA,
11-May-17,0,0,
12-May-17,0,0,
13-May-17,0,0,
14-May-17,0,0,
15-May-17,0,0,
16-May-17,0,0,
17-May-17,0,0,
18-May-17,0,0,
19-May-17,0,0,
20-May-17,0,0,
21-May-17,0,0,
22-May-17,0,0,
23-May-17,0,0,
24-May-17,0,0,
25-May-17,0,0,
26-May-17,0,0,
27-May-17,0,0,
28-May-17,0,0,
29-May-17,0,0,
30-May-17,0,0,
31-May-17,0,0,
01-Jun-17,0,0,
02-Jun-17,0,0,
03-Jun-17,0,0,
04-Jun-17,0,0,
05-Jun-17,0,0,
06-Jun-17,0,0,
07-Jun-17,0,0,
08-Jun-17,0,0,
09-Jun-17,0,0,
10-Jun-17,0,0,
11-Jun-17,0,0,
12-Jun-17,0,0,
13-Jun-17,0,0,
14-Jun-17,0,0,
15-Jun-17,0,0,
16-Jun-17,0,0,
17-Jun-17,0,0,
18-Jun-17,0,0,
19-Jun-17,0,0,
20-Jun-17,0,0,
21-Jun-17,0,0,
22-Jun-17,0,0,
23-Jun-17,0,0,
24-Jun-17,0,0,
25-Jun-17,0,0,
26-Jun-17,0,0,
27-Jun-17,0,0,
28-Jun-17,0,0,
29-Jun-17,0,0,
30-Jun-17,0,0,
01-Jul-17,0,0,
02-Jul-17,0,0,
03-Jul-17,0,0,
04-Jul-17,0,0,
05-Jul-17,0,0,
06-Jul-17,0,0,
07-Jul-17,0,0,
08-Jul-17,0,0,
09-Jul-17,0,0,
10-Jul-17,0,0,
11-Jul-17,0,0,
12-Jul-17,0,0,
13-Jul-17,0,0,
14-Jul-17,0,0,
15-Jul-17,0,0,
16-Jul-17,0,0,
17-Jul-17,0,0,
18-Jul-17,0,0,
19-Jul-17,0,0,
20-Jul-17,0,0,
21-Jul-17,0,0,
22-Jul-17,0,0,
23-Jul-17,0,0,
24-Jul-17,0,0,
25-Jul-17,0,0,
26-Jul-17,0,0,
27-Jul-17,0,0,
28-Jul-17,0,0,
29-Jul-17,0,0,
30-Jul-17,0,0,
31-Jul-17,0,0,
01-Aug-17,0,0,
02-Aug-17,0,0,
03-Aug-17,0,0,
04-Aug-17,0,0,
05-Aug-17,0,0,
06-Aug-17,0,0,
07-Aug-17,0,0,
08-Aug-17,0,0,
09-Aug-17,0,0,
10-Aug-17,0,0,
11-Aug-17,0,0,
12-Aug-17,0,0,
13-Aug-17,0,0,
14-Aug-17,0,0,
15-Aug-17,0,0,
16-Aug-17,0,0,
17-Aug-17,0,0,
18-Aug-17,0,0,
19-Aug-17,0,0,
20-Aug-17,0,0,
21-Aug-17,0,0,
22-Aug-17,0,0,
23-Aug-17,0,0,
24-Aug-17,0,0,
25-Aug-17,0,0,
26-Aug-17,0,0,
27-Aug-17,0,0,
28-Aug-17,0,0,
29-Aug-17,0,0,
30-Aug-17,0,0,
31-Aug-17,0,0,
01-Sep-17,0,0,didn’t measure spruce SD and Sh the last year
02-Sep-17,0,0,
03-Sep-17,0,0,
04-Sep-17,0,0,
05-Sep-17,0,0,
06-Sep-17,0,0,
07-Sep-17,0,0,
08-Sep-17,0,0,
09-Sep-17,0,0,
10-Sep-17,0,0,
11-Sep-17,0,0,
12-Sep-17,0,0,
13-Sep-17,0,0,
14-Sep-17,0,0,
15-Sep-17,0,0,
16-Sep-17,0,0,
17-Sep-17,0,0,
18-Sep-17,0,0,
19-Sep-17,0,0,
20-Sep-17,0,0,
21-Sep-17,0,0,
22-Sep-17,0,0,
23-Sep-17,0,0,
24-Sep-17,0,0,
25-Sep-17,0,0,
26-Sep-17,0,0,
27-Sep-17,0,0,
28-Sep-17,0,0,
29-Sep-17,0,0,
30-Sep-17,0,0,
01-Oct-17,0,0,
02-Oct-17,0,0,
03-Oct-17,0,0,
04-Oct-17,0,0,
05-Oct-17,0,0,
06-Oct-17,0,0,
07-Oct-17,0,0,
08-Oct-17,0,0,
09-Oct-17,0,0,
10-Oct-17,0,0,
11-Oct-17,0,0,
12-Oct-17,0,0,
13-Oct-17,0,0,
14-Oct-17,0,0,
15-Oct-17,6,6,everything over these first several days in based off of trail cameras
16-Oct-17,0,6,
17-Oct-17,0,6,
18-Oct-17,0,6,
19-Oct-17,4,7.5,
20-Oct-17,0,7.5,
21-Oct-17,0,7.5,
22-Oct-17,0,7.5,
23-Oct-17,0,7.3,
24-Oct-17,0,NA,
25-Oct-17,0.2,7.8,
26-Oct-17,0,NA,
27-Oct-17,0,5.27,rained night of 26th
28-Oct-17,0,NA,
29-Oct-17,0,4.83,
30-Oct-17,0,NA,
31-Oct-17,1.5,3.2,
01-Nov-17,0,NA,
02-Nov-17,0.5,3.566666667,
03-Nov-17,0.7,4.333333333,heavy flurries around 12:00
04-Nov-17,0,NA,
05-Nov-17,0,NA,
06-Nov-17,2.3,6.533333333,
07-Nov-17,0,NA,
08-Nov-17,0.1,6.166666667,
09-Nov-17,0,NA,
10-Nov-17,0,NA,
11-Nov-17,2.8,8.433333333,
12-Nov-17,0,NA,
13-Nov-17,2.3,9,
14-Nov-17,0,NA,
15-Nov-17,1.4,11.2,
16-Nov-17,0,NA,
17-Nov-17,3.5,NA,
18-Nov-17,0,NA,
19-Nov-17,0,14.36666667,moved 3.5 from this day to the 17th based on trail cameras
20-Nov-17,0,NA,
21-Nov-17,1.2,14.2,
22-Nov-17,0,NA,
23-Nov-17,0,13.36666667,
24-Nov-17,0,NA,
25-Nov-17,2,NA,
26-Nov-17,0,NA,
27-Nov-17,2.3,15.73333333,*moved 2 cm to the 25th based on cameras
28-Nov-17,0,NA,
29-Nov-17,0,NA,
30-Nov-17,0.4,16.26666667,
01-Dec-17,0,NA,
02-Dec-17,0,15.33333333,
03-Dec-17,0,NA,
04-Dec-17,0.2,17.5,
05-Dec-17,0,NA,
06-Dec-17,11.5,27.33333333,
07-Dec-17,16.4,40.46666667,
08-Dec-17,0.2,36.86666667,
09-Dec-17,0,NA,
10-Dec-17,2,NA,
11-Dec-17,4.3,38.7,moved 2 cm of DSF up based on cameras
12-Dec-17,0,38.83333333,
13-Dec-17,0,NA,
14-Dec-17,0.3,35.83333333,
15-Dec-17,0,NA,
16-Dec-17,0,NA,
17-Dec-17,0,34.5,
18-Dec-17,0,NA,
19-Dec-17,0,NA,
20-Dec-17,1.3,35.83333333,
21-Dec-17,1,NA,
22-Dec-17,0,35,
23-Dec-17,0,NA,
24-Dec-17,0,35,
25-Dec-17,0,NA,
26-Dec-17,0,35.16666667,
27-Dec-17,0,NA,
28-Dec-17,0,35.16666667,
29-Dec-17,0,NA,
30-Dec-17,0,34.83333333,
31-Dec-17,0,NA,
01-Jan-18,0,NA,
02-Jan-18,0.3,35.66666667,
03-Jan-18,0,NA,
04-Jan-18,0,NA,
05-Jan-18,10.5,47.33333333,
06-Jan-18,0,40.5,
07-Jan-18,0,NA,
08-Jan-18,0,NA,
09-Jan-18,0.5,42.33333333,
10-Jan-18,0,NA,
11-Jan-18,0,NA,
12-Jan-18,0,40,
13-Jan-18,0,NA,
14-Jan-18,6,47,"snowed all night, started raining during the day"
15-Jan-18,0,NA,rained all day
16-Jan-18,0,39.33333333,
17-Jan-18,0,NA,
18-Jan-18,0,40.33333333,
19-Jan-18,0,NA,
20-Jan-18,2,41.5,
21-Jan-18,0,NA,
22-Jan-18,2,42.33333333,
23-Jan-18,0,NA,
24-Jan-18,0.5,40.66666667,
25-Jan-18,0,NA,
26-Jan-18,0.5,42,
27-Jan-18,0,NA,
28-Jan-18,0,41.33333333,
29-Jan-18,0,NA,
30-Jan-18,2.5,41.83333333,
31-Jan-18,0.6,42.5,
01-Feb-18,0.1,42.33333333,
02-Feb-18,0,NA,
03-Feb-18,0,42.66666667,
04-Feb-18,0,NA,
05-Feb-18,0,42.16666667,
06-Feb-18,0,NA,
07-Feb-18,5.1,48,
08-Feb-18,0,43,
09-Feb-18,0,NA,
10-Feb-18,0,44.66666667,
11-Feb-18,0,NA,
12-Feb-18,0,43,
13-Feb-18,3.3,44.8,
14-Feb-18,0,44.33333333,
15-Feb-18,1,45.16666667,
16-Feb-18,2.2,40.8,
17-Feb-18,0,NA,
18-Feb-18,0,43,
19-Feb-18,0,NA,
20-Feb-18,0,44,
21-Feb-18,2,41.66666667,
22-Feb-18,0,NA,
23-Feb-18,12,44.5,"major drifting onto snowboard, not an accurate representation of snowfall"
24-Feb-18,0,NA,
25-Feb-18,0.1,43.16666667,
26-Feb-18,0,NA,
27-Feb-18,0,NA,
28-Feb-18,1.8,42.83333333,
01-Mar-18,0,NA,
02-Mar-18,0.2,43.5,
03-Mar-18,0,NA,
04-Mar-18,0.2,39.66666667,
05-Mar-18,0,NA,
06-Mar-18,0,43,
07-Mar-18,0,NA,
08-Mar-18,1,44.33333333,
09-Mar-18,0,42.66666667,
10-Mar-18,0,NA,
11-Mar-18,2.5,44.16666667,"snowed all day, measurements taken between 12:00-14:00"
12-Mar-18,1.8,45,
13-Mar-18,0,NA,
14-Mar-18,0,41.83333333,
15-Mar-18,0,NA,
16-Mar-18,0,39.5,
17-Mar-18,0,NA,
18-Mar-18,0,40.7,
19-Mar-18,0,NA,
20-Mar-18,7.5,40.33333333,drift onto snowboard
21-Mar-18,15,41.63333333,major drift onto snowboard
22-Mar-18,1.2,40.36666667,
23-Mar-18,0,NA,
24-Mar-18,0,NA,
25-Mar-18,0,NA,
26-Mar-18,0,42.75,
27-Mar-18,0.2,40.83333333,
28-Mar-18,0,NA,
29-Mar-18,0,41.66666667,
30-Mar-18,0,NA,
31-Mar-18,0,41.16666667,
01-Apr-18,0,NA,
02-Apr-18,1.5,39.56666667,
03-Apr-18,0,NA,
04-Apr-18,0.9,40,
05-Apr-18,0,NA,
06-Apr-18,0,39.66666667,
07-Apr-18,0,NA,
08-Apr-18,0,40,
09-Apr-18,0,NA,
10-Apr-18,0,39.5,
11-Apr-18,0,NA,
12-Apr-18,0,33,
13-Apr-18,0,NA,
14-Apr-18,0,30.66666667,
15-Apr-18,5.3,31.66666667,
16-Apr-18,0,29.16666667,
17-Apr-18,0,NA,
18-Apr-18,0,26.66666667,
19-Apr-18,0,NA,
20-Apr-18,0,25.66666667,"variable snow cover, on Sulphur hill it is 50%, but Kloo meadow is 100%"
21-Apr-18,0,NA,
22-Apr-18,0,NA,
23-Apr-18,0,NA,
24-Apr-18,0,NA,
25-Apr-18,0,NA,
26-Apr-18,0,NA,
27-Apr-18,0,10.33,
28-Apr-18,0,NA,
29-Apr-18,0,NA,
30-Apr-18,0,NA,
01-May-18,0,NA,
02-May-18,0,NA,
03-May-18,0,0,
04-May-18,0,0,
05-May-18,0,0,
06-May-18,0,0,
07-May-18,0,0,
08-May-18,0,0,
09-May-18,0,0,
10-May-18,0,0,
11-May-18,0,0,
12-May-18,0,0,
13-May-18,0,0,
14-May-18,0,0,
15-May-18,0,0,
16-May-18,0,0,
17-May-18,0,0,
18-May-18,0,0,
19-May-18,0,0,
20-May-18,0,0,
21-May-18,0,0,
22-May-18,0,0,
23-May-18,0,0,
24-May-18,0,0,
25-May-18,0,0,
26-May-18,0,0,
27-May-18,0,0,
28-May-18,0,0,
29-May-18,0,0,
30-May-18,0,0,
31-May-18,0,0,
03-Dec-18,0,6.333333333,
04-Dec-18,0,6.333333333,
05-Dec-18,0.2,6.833333333,
06-Dec-18,0.1,7,
08-Dec-18,0,5.833333333,
10-Dec-18,7,14.16666667,
11-Dec-18,3,16.16666667,
12-Dec-18,0,14.66666667,
13-Dec-18,0,14.33333333,
15-Dec-18,0,13.33333333,
16-Dec-18,1.5,15.83333333,
17-Dec-18,0,11.66666667,
18-Dec-18,0.5,15.5,
20-Dec-18,1,15,
21-Dec-18,0,15,
22-Dec-18,0,14.66666667,
23-Dec-18,0,14.66666667,
24-Dec-18,1.5,16.83333333,
25-Dec-18,0.1,17.83333333,
26-Dec-18,0,16.5,
28-Dec-18,1,17.33333333,
29-Dec-18,0,18.16666667,
30-Dec-18,0.2,17.83333333,
31-Dec-18,0,18,
01-Jan-19,0.8,16.5,
02-Jan-19,0.2,16.83333333,
03-Jan-19,0,16.16666667,
04-Jan-19,1.5,19.5,
05-Jan-19,0.1,17.66666667,
06-Jan-19,0,18,
07-Jan-19,0,18.33333333,
08-Jan-19,0,18.66666667,
09-Jan-19,0,17.66666667,
10-Jan-19,0,17.83333333,
11-Jan-19,0,18.16666667,
12-Jan-19,0,17.16666667,
13-Jan-19,0,17.33333333,
14-Jan-19,0,19,
15-Jan-19,0.5,17.83333333,
18-Jan-19,0.8,18.33333333,
19-Jan-19,0.3,17.83333333,
20-Jan-19,0.2,17.33,
21-Jan-19,0,16.07,
22-Jan-19,0,17.7,
23-Jan-19,0.3,19.17,
24-Jan-19,0.4,18,
25-Jan-19,0,18,
26-Jan-19,0.5,21.13,
27-Jan-19,0.3,21.4,
28-Jan-19,0,19.17,
29-Jan-19,0.2,17.5,
30-Jan-19,0.4,20.47,
31-Jan-19,1.7,21.67,
01-Feb-19,0,21.59,
03-Feb-19,0,19.5,
04-Feb-19,1,19.67,
06-Feb-19,1,20.53,
07-Feb-19,0.2,20.5,
08-Feb-19,0,21.1,
09-Feb-19,0,22,
10-Feb-19,0,20.3,
11-Feb-19,0,21.43,
13-Feb-19,0.7,21.13,
14-Feb-19,2.3,22.5,
15-Feb-19,0.2,20.17,
17-Feb-19,0,22.67,
18-Feb-19,0,20.97,
19-Feb-19,0,19.8,
23-Feb-19,7.8,24.5,
25-Feb-19,0,21.1,
26-Feb-19,0,23,
27-Feb-19,0,23.3,
28-Feb-19,0,23,
01-Mar-19,0,22.33,
02-Mar-19,NA,NA,
03-Mar-19,0,24,
04-Mar-19,0,22.27,
05-Mar-19,0,22.93,
06-Mar-19,0,21.73,
07-Mar-19,0,23.33,
08-Mar-19,0,22.87,
09-Mar-19,NA,NA,
10-Mar-19,NA,NA,
11-Mar-19,0,22.17,
12-Mar-19,0,21.43,
13-Mar-19,0,22.5,
14-Mar-19,0.2,23,
15-Mar-19,,,
16-Mar-19,,,
17-Mar-19,0,20.43,
18-Mar-19,,,
19-Mar-19,,,
20-Mar-19,19,29.83,
21-Mar-19,0,25.43,
22-Mar-19,0,19.17,
23-Mar-19,0,17.17,
24-Mar-19,0,16.27,
25-Mar-19,0,17.5,
26-Mar-19,0,17.4,
27-Mar-19,0,NA,
28-Mar-19,0,15.4,
29-Mar-19,0,13.57,
30-Mar-19,0,12.17,
31-Mar-19,0,10.5,
01-Apr-19,,,
02-Apr-19,0,12.07,
03-Apr-19,7.5,13.1,
04-Apr-19,1.8,10,
05-Apr-19,0,11.57,
06-Apr-19,0,9.6,
07-Apr-19,NA,NA,
08-Apr-19,0,10.5,
09-Apr-19,0,7.83,
10-Apr-19,,,
